{
  "alfredsnippet" : {
    "snippet" : "Find out more about Dynamic Content and Date Arithmetic on our help site at\nhttps:\/\/www.alfredapp.com\/help\/features\/clipboard\/dynamic-placeholders\/\n\nDiscover how you can also use snippet text to trigger a workflow for a wealth of advanced actions\n\nhttps:\/\/www.alfredapp.com\/help\/workflows\/triggers\/snippet\/\n\nAnd join us on alfredforum.com if you have any questions about making the most of snippets :)",
    "dontautoexpand" : true,
    "uid" : "0D981A4F-F63D-4240-84FE-76721625F549",
    "name" : "5. More resources",
    "keyword" : "tellmemore"
  }
}