{
  "alfredsnippet" : {
    "snippet" : "j72fdb561f110eolcjckk1299c0974\niakhafh6if555dae5555569942a515\nj61d6d0c7f00bqoodbcbbc18bc85e6\nicml8gkfgf77dfenclcgkebb2309ba\niisphiieifdd3kqofffff489515c1d\ni8if786hif3358dc333336749447f7\nh9ic996j9f44edf663333f1bb91838\ni7h2gcc3hf228gbcgaaaa9edb0505e\niisphllqpfdd7ach88888893c0a172\ni6gfa5ee8f114lkappghp5a53b0cd6\nihroghenifcce8cg77777fc6c09c4e\nkiememmhffcc1oseteeee2d4e6af74\nikekriorpfee0a4f4333312d0cec6b\ni7ggcfcd7f225fochcccc6ebfcd78e\nheniojmbff991mgficccc2034913cc\nieoldeiamf992emi999993fca772e4\ni7he7h7b8f22ebophcohafa72eaffc\nh5e1fcc85f000735733331de94c1f5\nihrohmqncfccffbe55555g00d165a6\nk95bgf9ihf330ogbnbbbb1d9bcb3c6\nja5hfdd6cf442gorsfgff3059f6c71\niispipgrefdd5pcqccdib6099db495\njb6d77ah8f553unlsfgff4939cd5e2\nijtqnrqflfee3949beba44095fc27f\nj83ghega5f22dj8ie5655e8d3d66cd\nj8325845bf226mgblbbbb7c7d1e337\nk95c9gi6af33e491f1111f512f4f6a\nj61850bcdf00ddnhbabaaeb12e2eea\njea8jgdj8f880bgl778771ce143e64\njgcbmgiblfaadbgg72322e15d4f15e\nj83da7gfgf223kimbabaa4873d90f1\njfafeeejff995fdecabaa6b5a23555\nijtqijfglfeee9bh88888fd0be102b\nkiemccjdnfcc9aa6l6666ac6f0c891\nijtqlmmlhfee084a211111f630357e\nk736fa1fff11a94484444bd4ae50fb\nkgckcpllefaaclnapaaaad38b08665\njd8hcmfeif771jglibcbb2efda2463\nklhljsojrfff5ekbibbbb68ea978fe\njiegdjkihfcc376j845444f1ed56fc\nicmim8b7hf7789d9g111199e17aba1\nidnnankeef88fqpelhbjfg02700723\nYGR8AjQj4tsDAKlH7ZXvAg54\njd8ij9fhdf774mhqnefee5e95998c5\nidnkfbe98f885njjdloib6c0861984\niispqndomfdd65h8695c87fcac320b",
    "uid" : "8C301B67-D77D-4A7D-AA2D-9D0F8E1BA08D",
    "name" : "内部同学的adiu 集合",
    "keyword" : "!qaadius"
  }
}